{"cameraMode":{"drawMode":0,"name":"Shaded","section":"Shading Mode"},"sceneLighting":true,"audioPlay":false,"sceneViewState":{"showFog":false,"showMaterialUpdate":false,"showSkybox":false,"showFlares":false,"showImageEffects":false,"showParticleSystems":false},"in2DMode":false,"pivot":{"x":-0.20201683044433595,"y":9.05546760559082,"z":-2.246406078338623},"rotation":{"x":-0.2642801105976105,"y":-0.39826735854148867,"z":0.12098122388124466,"w":-0.8700015544891357},"size":8.636301040649414,"orthographic":false}